-- phpMyAdmin SQL Dump
-- version 4.1.9
-- http://www.phpmyadmin.net
--
-- Host: localhost
-- Generation Time: 2015-10-19 14:27:55
-- 服务器版本： 5.5.27
-- PHP Version: 5.3.13

SET SQL_MODE = "NO_AUTO_VALUE_ON_ZERO";
SET time_zone = "+00:00";


/*!40101 SET @OLD_CHARACTER_SET_CLIENT=@@CHARACTER_SET_CLIENT */;
/*!40101 SET @OLD_CHARACTER_SET_RESULTS=@@CHARACTER_SET_RESULTS */;
/*!40101 SET @OLD_COLLATION_CONNECTION=@@COLLATION_CONNECTION */;
/*!40101 SET NAMES utf8 */;

--
-- Database: `library`
--

-- --------------------------------------------------------

--
-- 表的结构 `li_book`
--

CREATE TABLE IF NOT EXISTS `li_book` (
  `bo_id` int(11) NOT NULL AUTO_INCREMENT,
  `bo_code` varchar(16) DEFAULT NULL COMMENT '条形码',
  `bo_name` varchar(90) NOT NULL COMMENT '书名',
  `bo_isbn` varchar(32) DEFAULT NULL COMMENT '书号',
  `bo_typeid` tinyint(16) NOT NULL COMMENT '类型ID',
  `bo_author` varchar(56) NOT NULL COMMENT '作者',
  `bo_translator` varchar(56) DEFAULT NULL COMMENT '译者',
  `bo_pressid` tinyint(16) NOT NULL COMMENT '出版社ID',
  `bo_price` decimal(10,2) NOT NULL COMMENT '价格',
  `bo_pages` varchar(16) DEFAULT NULL COMMENT '页数',
  `bo_bookcaseid` tinyint(16) DEFAULT NULL COMMENT '书架ID',
  `bo_stock` tinyint(32) DEFAULT NULL COMMENT '库存',
  `bo_recummend` tinyint(5) DEFAULT '0' COMMENT '推荐',
  `bo_mustread` tinyint(5) DEFAULT '0' COMMENT '必读',
  `bo_photo` varchar(255) DEFAULT NULL COMMENT '封面',
  `bo_introduce` varchar(20000) DEFAULT NULL COMMENT '图书介绍',
  `bo_borrowtimes` tinyint(12) DEFAULT '0' COMMENT '借阅次数',
  PRIMARY KEY (`bo_id`),
  UNIQUE KEY `code` (`bo_code`),
  KEY `ty` (`bo_typeid`),
  KEY `pr` (`bo_pressid`),
  KEY `ba` (`bo_bookcaseid`),
  KEY `bookname` (`bo_name`)
) ENGINE=InnoDB  DEFAULT CHARSET=utf8 AUTO_INCREMENT=27 ;

--
-- 转存表中的数据 `li_book`
--

INSERT INTO `li_book` (`bo_id`, `bo_code`, `bo_name`, `bo_isbn`, `bo_typeid`, `bo_author`, `bo_translator`, `bo_pressid`, `bo_price`, `bo_pages`, `bo_bookcaseid`, `bo_stock`, `bo_recummend`, `bo_mustread`, `bo_photo`, `bo_introduce`, `bo_borrowtimes`) VALUES
(4, '10234781', 'I Can Read First Leve l', '9780062402196', 6, 'Tom', 'admin', 4, '165.00', '320', 5, 0, 1, 0, './Uploads/2015-10-10/5618fbdfc579e.jpg', '这是一本儿童启蒙英语读物', 2),
(5, '2652314', '十万个为什么（全4册）', '9787539447940', 14, '刘雨辰，夏凡', '', 16, '59.60', '500', 6, 85, 1, 1, './Uploads/2015-10-08/5615e23749b01.png', '本套最新《十万个为什么》丛书共分四册，分别介绍了科技与创新、人体与健康、社会与生活、生物与环境等方面的内容。这些内容全面满足了儿童的求知欲和好奇心，通过简洁明了的文字和丰富多彩的图画，把一些科学知识描绘得通俗易懂，充满乐趣，融科学性、知识性和趣味性于一体。', 3),
(6, '10234782', 'PHP从入门到精通', '9780062402196', 1, 'jim', '简体中文', 3, '50.16', '540', 1, 29, 1, 0, './Uploads/2015-10-10/5618fabbf2b83.png', '“软件开发视频大讲堂”丛书系清华社“视频大讲堂”重点大系之一。该大系包括多个子系列，每个子系列的图书在其同品种的图书中销售名列前茅，其中：\r\n　　◆4个品种荣获“全行业优秀畅销品种”\r\n　　◆1个品种荣获2012年清华大学出版社“专业畅销书”一等奖\r\n　　◆绝大多数品种在“全国计算机零售图书排行榜”同品种排行中名列前茅\r\n　　◆截至目前该大系累计销售超过55万册\r\n　　◆该大系已成为近年来清华社计算机专业基础类零售图书最畅销的品牌之一\r\n　　“软件开发视频大讲堂”系列作为清华社“视频大讲堂”大系的子系列之一，继承和创新了清华社“视频大讲堂”大系的编写模式、写作风格和优良品质。本书突出了以下内容：\r\n　　◆总长总时长41小时同步视频演示讲解，可反复观摩，让学习更为快捷、高效\r\n　　◆808个典型实例，通过实例学习更深入，更有趣，更有动力\r\n　　◆15道面试真题，了解工作实例及面试问题，更好适应企业需求\r\n　　◆626项能力测试题目，检测是否过关，了解学习之不足。\r\n　　◆根据全国计算机零售图书排行榜，本书已经连续8月PHP类全国零售排行前2名\r\n　　“软件开发视频大讲堂”系列作为清华社“视频大讲堂”大系的子系列之一，执着于专业，精细于品质：\r\n　　◆集基础知识、核心技能、高级应用、项目案例于一体\r\n　　◆好学、好用、高效', 3),
(7, '10951037', 'JavaScript高级程序设计', '9787115275790', 30, 'Nicholas C. Zakas', '', 5, '69.80', '730', 3, 47, 1, 0, './Uploads/2015-10-08/5615e31ce2644.png', '　作为JavaScript技术经典名著，《JavaScript高级程序设计（第3版）》承继了之前版本全面深入、贴近实战的特点，在详细讲解了JavaScript语言的核心之后，条分缕析地为读者展示了现有规范及实现为开发Web应用提供的各种支持和特性。\r\n　　《JavaScript高级程序设计（第3版）》主要内容包括：\r\n　　对JavaScript实现各个组成部分的详尽解读；\r\n　　对JavaScript面向对象编程的全方位阐述；\r\n　　对DOM、BOM及浏览器事件模型的透彻剖析；\r\n　　Web应用基本数据格式JSON、XML及其存取；\r\n　　Ajax、Comet服务器端通信和基于File API的拖放式文件上传；\r\n　　ECMAScript 5定义的新核心语言特性；\r\n　　HTML5涵盖的表单、媒体、Canvas（包括WebGL）；\r\n　　Selectors、Web? Workers、地理定位及跨文档传递消息等新API；\r\n　　离线应用及客户端存储（包括IndexedDB）；\r\n　　维护、性能、部署相关的开发实践；\r\n　　新兴API及ECMAScript Harmony展望。\r\n　　《JavaScript高级程序设计（第3版）》适合有一定编程经验的Web应用开发人员阅读，也可作为高校及社会实用技术培训相关专业课程的教材。', 1),
(8, '11332474', '全本黄帝内经 ', '9787537560306', 31, ' 秦泉', '', 43, '35.80', '720', 7, 22, 1, 0, './Uploads/2015-10-10/5618fa8cbc522.png', '《全本黄帝内经》由《素问》和《灵枢》组成，其所论述的内容包括阴阳五行、脏象气血、腧穴针道、病因病机、诊法病证、治则治法、医德养生，运气学说等，较为详尽地论述了人体生理、病理、诊断、治疗的有关内容，突出了古代的哲学思想，强调了人体内外统一的整体观念，从而成为中医基本理论的渊薮。', 5),
(9, '11660982', '黑猫警长', '20857523', 14, ' 张博庆', '孙继铮', 3, '30.30', '100', 12, 54, 0, 1, './Uploads/2015-10-08/5615e0bf8d988.png', '“中国经典获奖童话”系列含《黑猫警长1-5》《葫芦兄弟1-5》10册。该系列是在上海美术电影制片厂获国际大奖的动画片的基础上进行改编，所选篇目为家喻户晓、脍炙人口的故事。本系列系上海美影厂官方授权，图画在保留原有形象的基础上重新绘制；文字琅琅上口，大字注音，适合3-10岁孩子自读，也适合年龄更小的孩子与家长共读。', 2),
(10, '10616501', '刘慈欣科幻经典：三体全集', '10616501', 4, '刘慈欣', '', 46, '79.00', '5', 10, 25, 1, 1, './Uploads/2015-10-10/5618fa4ac1b82.png', '中国原创科幻巅峰巨作，百万科幻迷翘首以盼！\r\n　　刘慈欣的作品宏伟大气、想象绚丽，既注重极端空灵与厚重现实的结合，也讲求科学的内涵和美感。具有浓郁的中国特色和鲜明的个人风格。为中国科幻确立了一个新高度。', 4),
(11, '11759506', '考研教材 2016年版全国硕士研究生招生考试政治理论考试', '9787040436433', 10, '佚名', '', 35, '44.30', '378', 83, 55, 0, 0, './Uploads/2015-10-10/5618fa5ea40b2.png', '《全国硕士研究生招生考试政治理论考试大纲解析(2016年版)》由教育部社会科学司和教育部考试中心组织考研命题专家根据全面调整后的2016年考研《思想政治理论考试大纲》编写，本书以权威、精准、实用为目标，帮助考生全面了解、准确掌握大纲知识点及其内涵和外延，指导考生进行系统、扎实、高效的复习，最大限度地节省考生复习时间。分析历年真题不难发现大量的题目都是直接或者间接来自这本书，此书语言凝练，内容准确，表述规范，篇幅适当，也是唯一署名官方的复习资料。此书适合全面复习时使用，真正搞懂这本书，政治考试就没有问题了。本书俗称＂红宝书＂，是理论书中的首选。', 1),
(12, '11258976', '追风筝的人 [The Kite Runner]', '9787208061644', 9, ' 卡勒德·胡赛尼', '李继宏', 1, '20.30', '372', 10, 83, 1, 0, './Uploads/2015-10-10/5618fa6a70af2.png', ' 这本小说太令人震撼，很长一段时日，让我所读的一切都相形失色。文学与生活中的所有重要主题，都交织在这部惊世之作里：爱、恐惧、愧疚、赎罪…… ——伊莎贝拉·阿连德\r\n\r\n　　★一个阿富汗作家的处女作，霸占了美国两大权威畅销书排行榜《纽约时报》排行榜、《出版商周刊》排行榜长达80余周，声势超过红透全世界的丹·布朗的《达·芬奇密码》。\r\n\r\n　　★一部以史诗般的历史景观和荡气回肠的人性故事，深深地打动全世界各地亿万读者心的文学经典。《华盛顿邮报》认为：“没有虚矫赘文，没有无病呻吟，只有精炼的篇章，细腻勾勒家庭与友谊，背叛与救赎。作者对祖国的爱显然与对造成它今日沧桑的恨一样深。故事娓娓道来，轻笔淡描，近似川端康成的《千羽鹤》。”', 4),
(13, '168535', '孙子兵法 ', ' 9787532544400', 17, '孙武（春秋）', '郭化若', 48, '13.80', '175', 36, 35, 1, 1, './Uploads/2015-10-08/5615dd5276a14.png', '《孙子兵法》是我国最古老、最杰出的一部兵书，历来备受推崇，研习者辈出。我们现在所能见到的最早为《孙子兵法》作注的乃一代枭雄曹操，其注字里行间不乏真知灼见。当代著名军事家郭化若更是长期研究《孙子兵法》，撰有《孙子译注》一书，不但为《孙子兵法》全文作了校勘、注释、今译，还撰写了题解及考订、评论文字，既有较高的学术水平，又浅显易懂。本书即在郭化若《孙子译注》的基础上用红字加上了从宋本《十一家注孙子》中辑出的曹操的注，将孙武、曹操、郭化若的军事思想融为一书，以裨读者把握我国两千年来兵学之精华。书后附有《史记。孙子列传》，同时还附上郭化若《孙子译注》本的《前言》、《再版的话》。', 2),
(14, '2485367', '新概念英语(学生用书1-4)', '1685368865', 6, 'L. G. ALEXANDER', '何其莘', 4, '98.10', '4', 24, 24, 1, 0, './Uploads/2015-10-08/5615de86a83f4.png', '《新概念英语》是世界闻名的英语教程。这套经典教材通过完整的英语学习体系，帮助学生掌握英语的4项基本技能——听、说、读、写，使学生能在学习中**限度地发挥自己的潜能。', 1),
(15, '1458963', '白岩松：白说 ', '9787535481108', 7, '白岩松', '', 1, '11.70', '200', 11, 73, 1, 0, './Uploads/2015-10-08/5615dfba38159.png', '《白说》是央视资深新闻人白岩松继《幸福了吗》《痛并快乐着》之后的全新作品，一部“自传”式的心灵履历。通过近年来于各个场合与公众的深入交流，以平等自由的态度，分享其世界观和价值观。时间跨度长达十五年，涵盖时政、教育、改革、音乐、阅读、人生等多个领域，温暖发声，理性执言。\r\n在有权保持沉默的年纪拒绝沉默，为依然热血有梦的人们敲鼓拨弦。尽管“说话不是件好玩的事儿”，依然向往“说出一个更好点儿的未来”，就算“说了白说”，可是“不说，白不说”。', 2),
(16, '5683642', '安徒生童话', ' 9787533673253', 2, '安徒生［丹］', '叶君健', 50, '8.00', '243', 19, 62, 0, 1, './Uploads/2015-10-10/5618f41641c35.png', '一部真正可以从小读到老的书。世界童话文学创始人安徒生历时近40年创作而成。\r\n　　其中最著名的故事包括《海的女儿》、《皇帝的新装》、《丑小鸭》、《卖火柴的小女孩》等经典故事。这些故事流传百年，经久不衰。\r\n　　安徒生童话追求真、善、美，处处体现着爱的真谛。它不仅能让人感受到童话世界的纯真和美好，还会让人明白许多道理。在生活中，我们也要拥有那些主人公们的优秀品质，如积极乐观、坚持不懈、真诚博爱、谦逊勤勉等。 ', 2),
(17, '2486354', '巴黎圣母院', '9787514605044', 10, '雨果', '李玉民', 51, '16.30', '254', 9, 28, 0, 1, './Uploads/2015-10-10/5618f98ca32b6.png', '本书艺术地再现了四百多年前法王路易十一统治时期的历史真实，宫廷与教会如何狼狈为奸压迫人民群众，人民群众怎样同两股势力英勇斗争。本书以1482年的法国为背景，以吉普赛姑娘爱丝美拉达与年轻英俊的卫队长，道貌岸然的副主教以及畸形、丑陋的敲钟人之间的关系为主线，热情呕歌了吉普赛姑娘与敲钟人高贵的人性，深刻鞭挞了卫队长与副主教的虚伪与卑下。小说体现了雨果的“美丑对照”的艺术表现原则，它的发表，打破了伪古典主义的桎梏，标志着浪漫主义的彻底胜利。 ', 2),
(18, '1896537', '钢铁是怎样炼成的', ' 9787540225063', 9, '奥斯特洛夫斯基（苏）', '田国彬', 24, '15.40', '452', 10, 32, 0, 1, './Uploads/2015-10-10/5618fa7e04b08.png', '《钢铁是怎样炼成的》一书通过对保尔·柯察金成长历程的描述，从中折射出特定时代的战斗烽火、建设场景、社会生活风貌，具有独特的认识作用与教育价值。　　保尔出生于一个贫苦的铁路工人家庭，从小天真顽皮，富有强烈的抗争意识。在地下赏员朱赫来的帮助下，保尔逐渐走上了革命道路。分奋不顾身地从匪兵手下救出朱赫来，自己却因此被捕，受到严刑拷打，但未吐露只言言片语。他上前线后奋勇作战，数次立功，数次受伤，*后不得不因右眼失明离开前线。在地方上，保尔继续奋战在建设**线，不顾伤病，夜以继日地努力工作。在天寒地冻的筑路工地上，保尔与共青团员们一起与寒冷、饥饿、关病和匪帮的偷袭作斗争。即使双脚冻坏，发高烧仍然不下火线，直到昏倒在工地上，因身患伤寒差一点不冶身亡。在遭受双目失明、瘫痪在床的沉重打击之后，保尔考虑的不是自己生命的长短，而是如何尽快重返战斗岗位。他终于找到了以笑代刀的战斗途径，实现了日夜盼的重新归队的理想。', 2),
(19, '15763235', '人性的弱点全集', ' 9787800875830', 1, ' 戴尔·卡耐基', '', 52, '12.30', '268', 1, 55, 0, 1, './Uploads/2015-10-08/5615e696d9697.png', '《人性的弱点全集》的作者戴尔·卡耐基，美国“成人教育之父”。20世纪早期，美国经济陷入萧条，战争和贫困导致人们失去了对美好生活的愿望，而卡耐基独辟蹊径地开创了一套融演讲、推销、为人处世、智能开发于一体的教育方式，他运用社会学和心理学知识，对人性进行了深刻的探讨和分析。《人性的弱点全集》讲述的许多普通人通过奋斗获得成功的真实故事，激励了无数陷入迷茫和困境的人，帮助他们重新找到了自己的人生。\r\n接受卡耐基教育的有社会各界人士，其中不乏军政要员，甚至包括几位美国总结。千千万万的人从卡耐基的教育中获益匪浅。\r\n《人性的弱点全集》汇集了卡耐基的思想精华和激动人心的内容，是作者成功的励志经典之作，出版后立即获得了广大读者的欢迎，成为西方世界持久的人文畅销书。无数读者通过阅读和实践书中介绍的各种方法，不仅走出困境，有的还成为世人仰慕的杰出人士。只要不断研读《人性的弱点全集》，相信你也可以发掘自己的无穷潜力，创造辉煌的人生。', 2),
(20, '1674200', '西游记', ' 9787020051564', 33, '吴承恩（明）', '', 53, '31.30', '1162', 84, 2, 0, 1, './Uploads/2015-10-12/561b8f9dea6a8.png', '《西游记》的故事对人们来说是非常熟悉的，其中最精彩的章节，如孙悟空大闹天宫、猪八戒高老庄娶媳妇、打白骨精、借芭蕉扇等等，更是家喻户晓，妇孺皆知。几百年来，它以其强烈的艺术魁力，吸引着一代又一代人，从而使它成为中国人民最喜爱的古典名著之一。\r\n　　《西游记》主要描写的是孙悟空保唐僧西天取经，历经九九八十一难的故事。唐僧取经是历史上一件真实的事。大约距今一千三百多年前，即唐太宗贞观元年（627），年仅25岁的青年和尚玄奘离开京城长安，只身到天竺（印度）游学。他从长安出发后，途经中亚、阿富汗、巴基斯坦，历尽艰难险阻，最后到达了印度。他在那里学习了两年多，并在一次大型佛教经学辩论会任主讲，受到了赞誉。贞观十九年（645）玄奘回到了长安，带回佛经657部。他这次西天取经，前后十九年，行程几万里，是一次传奇式的万里长征，轰动一时。后来玄奘口述西行见闻，由弟子辩机辑录成《大唐西域记》十二卷。但这部书主要讲述了路上所见各国的历史、地理及交通，没有什么故事。及到他的弟子慧立、彦琮撰写的《大唐大慈恩寺三藏法师传》，则为玄奘的经历增添了许多神话色彩，从此，唐僧取经的故事便开始在民间广为流传。南宋有《大唐三藏取经诗话》，金代院本有《唐三藏》、《蟠桃会》等，元杂剧有吴昌龄的《唐三藏西天取经》、无名氏的《二郎神锁齐大圣》等，这些都为《西游记》的创作奠定了基础。吴承恩也正是在民间传说和话本、戏曲的基础上，经过艰苦的再创造，完成了这部令中华民族为之骄傲的伟大大文学巨著。', 7),
(21, '1842693', '诗经（中华经典藏书） ', ' 9787101052756', 9, '王秀梅', '', 54, '13.40', '354', 9, 21, 0, 1, './Uploads/2015-10-08/5615e810df1e1.png', '《诗经》是我国最早的一部诗歌总集，收集和保存了古代诗歌305首, 6首只存篇名而无诗文的“笙诗”。《诗经》最初只称为《诗》或“诗三百”，到西汉时，被尊为儒家经典，才称为《诗经》。《诗经》是按《风》、《雅》、《颂》三类编辑的。“风”是周代各地的民间歌谣，是三百篇中*富思想意义和艺术价值的篇章。《雅》是周人所谓的正声雅乐，又分《小雅》和《大雅》。《颂》是朝廷和贵族宗庙祭祀的乐歌，又分为《周颂》、《鲁颂》和《商颂》。《诗经》内容丰富，反映了劳动与爱情、战争与徭役、压迫与反抗、风俗与婚姻、祭祖与宴会，甚至天象、 地貌、动物、植物等方方面面，是周代社会生活的一面镜子。 ', 1),
(22, '1327505', '阿Q正传 ', '9787536056930', 9, ' 鲁迅', '', 55, '11.60', '184', 10, 36, 0, 1, './Uploads/2015-10-08/5615e8dda7372.png', '《阿Q正传》以辛亥革命前后的农村小镇未庄为背景，塑造了一个以“精神胜利法”为主要特征的流浪汉阿Q，描画出从物质到精神都受到严重戕害的国人的魂灵。小说生动、真实、深刻地反映了一个时代的社会现实，着重“国民性的弱点”的暴露与批判。它以深刻的思想意义和精湛的艺术技巧，代表了百年来中国中篇小说的最高成就。\r\n本书除中篇《阿旺传》外，还编入鲁迅有代表性的中短篇若干，是鲁迅小说的一个精选本。附录多篇中外评论，见证了鲁迅作为一个文学思想者的博大与渊深。', 9),
(23, '14268903', '茶花女', ' 9787542630506', 33, '小仲马 （法）', '董强', 44, '11.60', '362', 84, 22, 0, 1, './Uploads/2015-10-10/5618f6dc9fc50.png', '《茶花女》为我们塑造了一些生动、鲜明的艺术形象，而其中最突出、最令人难忘的自然是女主人公茶花女玛格丽特。读者们切莫把玛格丽特和阿尔丰西娜?普莱西小姐混为一谈，阿尔丰西娜的身世固然值得同情，但她的的确确是个堕落的女人，用小仲马的话来说，她“既是一个纯洁无瑕的贞女，又是一个彻头彻尾的娼妇”。但玛格丽特却不同，她美丽、聪明而又善良虽然沦落风尘，但依旧保持着一颗纯洁、高尚的心灵。她充满热情和希望地去追求真正的爱情生活，而当这种希望破灭之后，又甘愿自我牺牲去成全他人。这一切都使这位为人们所不齿的烟花女子的形象闪烁着一种圣洁的光辉，以至于人们一提起“茶花女”这三个字的时候，首先想到的不是什么下贱的妓女，而是一位美丽、可爱而又值得同情的女娃。古今中外的文学名著为人们留下了许许多多不朽的艺术形象，而玛格丽特则完全可以跻身其间而毫无愧色。', 1),
(24, '1259057', '苏菲的世界 ', ' 9787506341271', 33, '贾德 （挪）', '萧宝森', 56, '17.40', '528', 84, 43, 1, 0, './Uploads/2015-10-08/5615eac3b15a6.png', '本书以小说的形式，通过一名哲学导师向一个叫苏菲的女孩传授哲学知识的经过，揭示了西方哲学发展的历程。由前苏格拉底时代到萨特，以及亚里士多德、笛卡儿、黑格尔等人的思想都通过作者生动的笔触跃然纸上，并配以当时的历史背景加以解释，引人入胜。评论家认为，对于那些从未读过哲学课程的人而言，此书是最为合适的入门书，而对于那些以往读过一些哲学而已忘得一干二净的人士，也可起到温故知新的作用。\r\n　　14岁的少女苏菲不断接到一些极不寻常的来信，世界像谜团一般在她眼前展开。在一位神秘导师的指引下，苏菲开始思索，她运用少女天生的悟性与后天知识，企图解开这些谜团。然而，事实真相远比她所想的更怪异、更离奇……\r\n　　《苏菲的世界》，是智慧的世界，梦的世界。它将会唤醒每个人内心深处对生命的赞叹与对人生终极意义的关怀与好奇。', 1),
(25, '1306732', '唐.吉诃德 ', '9787802438354', 33, '塞万提斯 （西）', '郭漫', 45, '13.90', '154', 10, 57, 1, 0, './Uploads/2015-10-10/5618f8ddda8f3.png', '《唐·吉诃德》讲述了一位疯癫的游侠骑士唐·吉诃德的故事，他由于对骑士小说的疯狂的热爱而走上了游侠骑士的道路。他与他的侍从桑丘四处游历，经历了许多挫折与磨难，做出了许多荒唐至极的事情。有人认为他是疯子，也有人认为他是一个有着睿智的头脑但行为怪异的人。《唐·吉诃德》中他与风车大战，在羊群中冲杀，为了“正义”放走了一批苦刑犯，甚至还成为过公爵的座上宾。但最终，他败在了一个叫“白月骑士”的人的手下，不久后郁郁而终。', 1),
(26, '1503568', '鲁滨逊漂流记', ' 9787229070120', 9, '笛福 （英）', '', 57, '7.60', '186', 10, 36, 1, 0, './Uploads/2015-10-10/5618faab81888.png', '《鲁滨逊漂流记》是一部家喻户晓的现实主义回忆录式冒险自传体小说。书中塑造了一个勇于面对自然挑战的新型人物——鲁滨逊·克鲁索。他不屑守成，倾心开拓，三番五次地抛开小康家庭，出海闯天下。他在海外冒险多年，经历千辛万苦，终于得到了可观的财富，回到了英国，完成了一个时代的英雄人物的创业历程。', 1);

-- --------------------------------------------------------

--
-- 表的结构 `li_bookcase`
--

CREATE TABLE IF NOT EXISTS `li_bookcase` (
  `ca_id` int(11) NOT NULL AUTO_INCREMENT,
  `ca_name` varchar(32) NOT NULL COMMENT '书架名称',
  `ca_time` timestamp NULL DEFAULT NULL ON UPDATE CURRENT_TIMESTAMP COMMENT '添加时间',
  PRIMARY KEY (`ca_id`)
) ENGINE=InnoDB  DEFAULT CHARSET=utf8 AUTO_INCREMENT=85 ;

--
-- 转存表中的数据 `li_bookcase`
--

INSERT INTO `li_bookcase` (`ca_id`, `ca_name`, `ca_time`) VALUES
(1, 'PHP', '2015-09-29 08:48:07'),
(3, 'JavaScript', NULL),
(4, 'JAVA', NULL),
(5, '少儿英语', '2015-10-05 09:16:09'),
(6, '科技', NULL),
(7, '医学', NULL),
(8, '厨房', NULL),
(9, '文学', NULL),
(10, '小说', NULL),
(11, '传记', NULL),
(12, '动漫', NULL),
(13, '青春文学', NULL),
(14, '儿童文学', NULL),
(15, '绘本', NULL),
(16, '科普百科', NULL),
(17, '玩具书', NULL),
(18, '智力开发', NULL),
(19, '幼儿启蒙', NULL),
(20, '动漫/卡通', NULL),
(21, '艺术培养', NULL),
(22, '艺术培养', NULL),
(23, '中小学教辅', NULL),
(24, '外语学习', NULL),
(25, '考试', NULL),
(26, '大中专教材', NULL),
(27, '字典词典', NULL),
(28, '管理', NULL),
(29, '经济金融', NULL),
(30, '投资理财', NULL),
(31, '电子商务', NULL),
(32, '女性励志', NULL),
(33, '成功学', NULL),
(34, '人际与社交', NULL),
(35, '历史', NULL),
(36, '政治军事', NULL),
(37, '哲学宗教', NULL),
(38, '国学古籍', NULL),
(39, '心理学', NULL),
(40, '法律', NULL),
(41, '文化', NULL),
(42, '社会科学', NULL),
(43, '孕产知识', NULL),
(44, '育儿/亲子', NULL),
(45, '家教', NULL),
(46, '健身/保健', NULL),
(47, '旅游', NULL),
(48, '地图', NULL),
(49, '手工DIY', NULL),
(50, '家居', NULL),
(51, '烹饪/美食', NULL),
(52, '时尚美妆', NULL),
(53, '婚恋两性', NULL),
(54, '体育运动', NULL),
(55, '绘画', NULL),
(56, '摄影', NULL),
(57, '书法字帖', NULL),
(58, '设计', NULL),
(59, '音乐', NULL),
(60, '鉴赏收藏', NULL),
(61, '雕塑', NULL),
(62, '民间艺术', NULL),
(63, '舞蹈', NULL),
(64, '影视', NULL),
(65, '科普读物', NULL),
(66, '工业技术', NULL),
(67, '建筑', NULL),
(68, '医学', NULL),
(69, '电子与通信', NULL),
(70, '科学与自然', NULL),
(71, '农业/林业', NULL),
(72, '编程语言', NULL),
(73, '办公软件', NULL),
(74, '图形图像', NULL),
(75, '网页制作', NULL),
(76, '网络与通信', NULL),
(77, '数据库', NULL),
(78, '操作系统', NULL),
(79, '计算机安全', NULL),
(80, '软件工程', NULL),
(81, '游戏', NULL),
(82, '软件测试', NULL),
(83, '考试认证', NULL),
(84, '世界名著', NULL);

-- --------------------------------------------------------

--
-- 表的结构 `li_booktype`
--

CREATE TABLE IF NOT EXISTS `li_booktype` (
  `by_id` int(11) NOT NULL AUTO_INCREMENT,
  `by_name` varchar(16) NOT NULL COMMENT '类型名称',
  `by_time` timestamp NULL DEFAULT NULL ON UPDATE CURRENT_TIMESTAMP COMMENT '添加世家',
  PRIMARY KEY (`by_id`)
) ENGINE=InnoDB  DEFAULT CHARSET=utf8 AUTO_INCREMENT=35 ;

--
-- 转存表中的数据 `li_booktype`
--

INSERT INTO `li_booktype` (`by_id`, `by_name`, `by_time`) VALUES
(1, '科技', '2015-09-29 07:04:39'),
(2, '童话', NULL),
(4, '科幻', NULL),
(5, '数学', '2015-10-04 03:41:36'),
(6, '英语', NULL),
(7, '生活', NULL),
(8, '管理', NULL),
(9, '文学', NULL),
(10, '教育', NULL),
(11, '人文社科', NULL),
(12, '艺术', NULL),
(13, '励志与成功', NULL),
(14, '少儿', NULL),
(15, '电子书', NULL),
(16, '经济', NULL),
(17, '军事', NULL),
(18, '天文学、地球科学', NULL),
(19, '农业科学 ', NULL),
(20, '航空、航天 ', NULL),
(21, '综合性图书', NULL),
(22, '交通运输 ', NULL),
(23, '自然科学', NULL),
(24, '生物科学 ', NULL),
(25, '医药', NULL),
(26, '化学 ', NULL),
(27, '历史', NULL),
(28, '地理', NULL),
(29, '哲学', NULL),
(30, '计算机', NULL),
(31, '医学', NULL),
(32, '音乐', NULL),
(33, '小说', NULL),
(34, 'xsax', NULL);

-- --------------------------------------------------------

--
-- 表的结构 `li_borrow`
--

CREATE TABLE IF NOT EXISTS `li_borrow` (
  `id` int(11) NOT NULL AUTO_INCREMENT,
  `readerid` tinyint(12) NOT NULL COMMENT '借书人ID',
  `bookid` tinyint(12) NOT NULL COMMENT '借出图书ID',
  `borrowtime` int(11) NOT NULL COMMENT '借书时间',
  `reverttime` int(11) DEFAULT NULL COMMENT '应还时间',
  `status` tinyint(5) DEFAULT '1' COMMENT '处理状态',
  PRIMARY KEY (`id`)
) ENGINE=InnoDB  DEFAULT CHARSET=utf8 AUTO_INCREMENT=64 ;

--
-- 转存表中的数据 `li_borrow`
--

INSERT INTO `li_borrow` (`id`, `readerid`, `bookid`, `borrowtime`, `reverttime`, `status`) VALUES
(14, 14, 6, 1444549399, 1445154199, 1),
(15, 14, 7, 1444552521, 1445157321, 1),
(28, 14, 21, 1444562450, 1445167250, 1),
(31, 14, 13, 1444565439, 1445170239, 1),
(32, 14, 10, 1444565445, 1445170245, 1),
(33, 14, 12, 1444565458, 1445170258, 1),
(34, 14, 8, 1444565477, 1445170277, 1),
(35, 14, 18, 1444565491, 1445170291, 1),
(36, 14, 5, 1444565498, 1445170298, 1),
(37, 17, 6, 1444565587, 1445170387, 1),
(38, 14, 15, 1444565643, 1445170443, 1),
(39, 16, 6, 1444568680, 1445173480, 1),
(40, 16, 12, 1444568690, 1445173490, 1),
(41, 16, 8, 1444568701, 1445173501, 1),
(42, 17, 20, 1444579334, 1445184134, 1),
(43, 17, 4, 1444611122, 1445215922, 1),
(46, 14, 17, 1444611237, 1445216037, 1),
(48, 14, 22, 1444611331, 1445216131, 1),
(49, 17, 22, 1444611379, 1445216179, 1),
(52, 16, 22, 1444611473, 1445216273, 1),
(55, 14, 16, 1444626478, 1445231278, 1),
(60, 18, 20, 1444714373, 1445319173, 1),
(61, 14, 19, 1444791314, 1445396114, 1),
(62, 17, 9, 1444802056, 1445406856, 1),
(63, 17, 12, 1444802286, 1445407086, 1);

-- --------------------------------------------------------

--
-- 表的结构 `li_library`
--

CREATE TABLE IF NOT EXISTS `li_library` (
  `id` int(11) NOT NULL AUTO_INCREMENT,
  `libraryname` varchar(32) NOT NULL COMMENT '图书馆名称',
  `curator` varchar(16) NOT NULL COMMENT '馆长',
  `tel` varchar(32) DEFAULT NULL COMMENT '电话',
  `address` varchar(64) NOT NULL COMMENT '地址',
  `email` varchar(32) DEFAULT NULL COMMENT '电子邮箱',
  `url` varchar(32) NOT NULL COMMENT '网址',
  `createDtae` timestamp NOT NULL DEFAULT CURRENT_TIMESTAMP ON UPDATE CURRENT_TIMESTAMP COMMENT '成立时间',
  `introduce` text COMMENT '简介',
  `bbs` text COMMENT '公告',
  PRIMARY KEY (`id`)
) ENGINE=InnoDB  DEFAULT CHARSET=utf8 AUTO_INCREMENT=6 ;

--
-- 转存表中的数据 `li_library`
--

INSERT INTO `li_library` (`id`, `libraryname`, `curator`, `tel`, `address`, `email`, `url`, `createDtae`, `introduce`, `bbs`) VALUES
(1, '首都图书馆', '倪晓建', '13888124782', '朝阳区华威桥东南侧', 'mxj@13.com', 'http://www.clcn.net.cn/', '2015-09-20 06:05:45', ' 首都图书馆由北京市建筑设计研究院设计，是北京市市属综合性大型公共图书馆。它位于朝阳区华威桥东南侧，建筑面积3.7万平方米，高度49米，地上8层，共有17个阅览室，1000余个阅览座位，设计藏书量400万册。首都图书馆的建筑造型借鉴了中国的传统文化，又具有新的内涵。它平面取1/4扇型，围合着中心广场，形成强烈的聚合力，正立面恰似展开的长卷，立面中央则为巨大的牌楼造型，颇具视觉冲击力。', ' 1、首都图书馆接待年满十三岁（含）以上读者，北京市少年儿童图书馆接待十八岁（含）以下的未成年读者。\r\n2、建议将随身携带的书包及其他物品寄存在存包处，贵重物品请随身携带。\r\n3、请注意仪表着装，穿着汗背心、拖鞋者谢绝入馆。\r\n4、阅览区域内请保持安静，并将手机置于静音状态。\r\n5、请爱护馆内文献和一切公共财产，损坏须按规定赔偿。\r\n6、请维护环境卫生，保持整洁。\r\n7、请勿携带宠物入馆。\r\n8、请勿在阅览区内餐饮。\r\n9、馆内严禁吸烟和使用明火，勿带易燃、易爆品入馆。\r\n10、除特别批准外，阅览区内禁止照相、摄影。\r\n11、请自觉遵守公共秩序和首都图书馆各项管理规定，服从工作人员管理。'),
(5, '中国国家图书馆', '韩永进', '13522256125', '北京市中关村南大街33号', 'gjtsg@163.com', 'http://www.nlc.gov.cn/', '2015-09-29 02:23:48', '中国国家图书馆分为总馆南馆、总馆北馆和古籍馆，馆藏书籍3119万册，其中古籍善本有200余万册。2008年中国国家图书馆建筑面积为28万平方米，是亚洲规模最大的图书馆，居世界国家图书馆第三位。', '自2011年5月10日起，进行封闭维修改造，2014年9月9日恢复开放，开放时间是周一至周日9:00-17:00');

-- --------------------------------------------------------

--
-- 表的结构 `li_manager`
--

CREATE TABLE IF NOT EXISTS `li_manager` (
  `ma_id` int(11) NOT NULL AUTO_INCREMENT COMMENT '管理员id',
  `ma_name` varchar(32) NOT NULL COMMENT '管理员用户名',
  `ma_pwd` varchar(32) NOT NULL COMMENT '密码',
  `ma_time` timestamp NOT NULL DEFAULT CURRENT_TIMESTAMP ON UPDATE CURRENT_TIMESTAMP COMMENT '时间',
  `ma_role_id` tinyint(3) DEFAULT NULL COMMENT '角色id',
  PRIMARY KEY (`ma_id`)
) ENGINE=InnoDB  DEFAULT CHARSET=utf8 AUTO_INCREMENT=36 ;

--
-- 转存表中的数据 `li_manager`
--

INSERT INTO `li_manager` (`ma_id`, `ma_name`, `ma_pwd`, `ma_time`, `ma_role_id`) VALUES
(1, 'admin', '123', '2015-09-17 03:54:19', 0),
(33, 'tom', '123', '2015-09-29 05:55:22', NULL),
(34, 'mary', '123', '2015-09-30 00:49:08', NULL),
(35, 'gold', '123', '2015-10-03 11:22:10', 1);

-- --------------------------------------------------------

--
-- 表的结构 `li_papers`
--

CREATE TABLE IF NOT EXISTS `li_papers` (
  `pa_id` int(11) NOT NULL AUTO_INCREMENT,
  `pa_type` varchar(16) NOT NULL COMMENT '证件类型',
  PRIMARY KEY (`pa_id`)
) ENGINE=InnoDB  DEFAULT CHARSET=utf8 AUTO_INCREMENT=5 ;

--
-- 转存表中的数据 `li_papers`
--

INSERT INTO `li_papers` (`pa_id`, `pa_type`) VALUES
(1, '身份证'),
(2, '学生证'),
(3, '军官证'),
(4, '工作证');

-- --------------------------------------------------------

--
-- 表的结构 `li_press`
--

CREATE TABLE IF NOT EXISTS `li_press` (
  `pr_id` int(11) NOT NULL AUTO_INCREMENT,
  `pr_name` varchar(32) NOT NULL COMMENT '出版社名称',
  `pr_time` timestamp NULL DEFAULT NULL ON UPDATE CURRENT_TIMESTAMP COMMENT '添加时间',
  PRIMARY KEY (`pr_id`)
) ENGINE=InnoDB  DEFAULT CHARSET=utf8 AUTO_INCREMENT=58 ;

--
-- 转存表中的数据 `li_press`
--

INSERT INTO `li_press` (`pr_id`, `pr_name`, `pr_time`) VALUES
(1, '北京大学出版社', '2015-09-29 09:11:25'),
(3, '清华大学出版社', NULL),
(4, '北外出版社', NULL),
(5, '人民邮电出版社', NULL),
(6, '河北科学技术出版社', NULL),
(7, '北京出版社', NULL),
(8, '北京工业大学出版社', NULL),
(9, '北京古籍出版社', NULL),
(10, '北京广播学院出版社', NULL),
(11, '北京航空航天大学出版社', NULL),
(12, '北京教育出版社', NULL),
(13, '北京科学技术出版社', NULL),
(14, '北京理工大学出版社', NULL),
(15, '北京旅游出版社', NULL),
(16, '北京美术摄影出版社', NULL),
(17, '北京农业大学出版社', NULL),
(18, '北京日报出版社', NULL),
(19, '北京少年儿童出版社', NULL),
(20, '北京师范大学出版社', NULL),
(21, '北京师范学院出版社', NULL),
(22, '北京十月文艺出版社', NULL),
(23, '北京体育学院出版社', NULL),
(24, ' 	北京燕山出版社', NULL),
(25, ' 	北京语言学院出版社', NULL),
(26, '测绘出版社', NULL),
(27, '长城出版社', NULL),
(28, '长征出版社', NULL),
(29, '大地出版社', NULL),
(30, '朝华出版社', NULL),
(31, '档案出版社', NULL),
(32, '地震出版社', NULL),
(33, ' 	电子工业出版社', NULL),
(34, ' 	地质出版社', NULL),
(35, '高等教育出版社', NULL),
(36, '工人出版社', NULL),
(37, '工商出版社', NULL),
(38, '光明日报出版社', NULL),
(39, ' 	中国少年儿童出版社', NULL),
(40, ' 	吉林大学出版社', NULL),
(41, '湖南大学出版社', NULL),
(42, ' 	四川大学出版社', NULL),
(43, ' 	大连理工大学出版社', NULL),
(44, ' 	厦门大学出版社', NULL),
(45, ' 	海南人民出版社', NULL),
(46, ' 重庆出版社', NULL),
(47, '上海人民出版社', NULL),
(48, '上海古籍出版社', NULL),
(49, ' 长江文艺出版社', NULL),
(50, ' 安徽教育出版社', NULL),
(51, ' 中国画报出版社', NULL),
(52, '中国发展出版社', NULL),
(53, '人民文学出版社', NULL),
(54, ' 中华书局', NULL),
(55, ' 花城出版社', NULL),
(56, '作家出版社', NULL),
(57, '重庆出版社', NULL);

-- --------------------------------------------------------

--
-- 表的结构 `li_reader`
--

CREATE TABLE IF NOT EXISTS `li_reader` (
  `re_id` int(11) NOT NULL AUTO_INCREMENT,
  `re_username` varchar(16) NOT NULL COMMENT '用户名',
  `re_name` varchar(32) NOT NULL COMMENT '姓名',
  `re_pwd` varchar(32) NOT NULL COMMENT '密码',
  `re_sex` enum('男','女','保密') NOT NULL COMMENT '性别',
  `re_code` varchar(16) DEFAULT NULL COMMENT '读者条形码',
  `re_work` varchar(32) DEFAULT NULL COMMENT '职业',
  `re_number` int(18) NOT NULL COMMENT '证件号码',
  `re_birthday` date DEFAULT '0000-00-00' COMMENT '出生日期',
  `re_tel` varchar(32) NOT NULL COMMENT '电话号码',
  `re_email` varchar(32) DEFAULT NULL COMMENT '电子邮箱',
  `re_remark` char(255) DEFAULT NULL COMMENT '备注',
  `re_typeid` tinyint(12) NOT NULL COMMENT '读者类型ID',
  `re_paperid` tinyint(12) NOT NULL COMMENT '证件类型ID',
  `re_num` tinyint(12) DEFAULT '0' COMMENT '借阅数量',
  PRIMARY KEY (`re_id`)
) ENGINE=InnoDB  DEFAULT CHARSET=utf8 AUTO_INCREMENT=19 ;

--
-- 转存表中的数据 `li_reader`
--

INSERT INTO `li_reader` (`re_id`, `re_username`, `re_name`, `re_pwd`, `re_sex`, `re_code`, `re_work`, `re_number`, `re_birthday`, `re_tel`, `re_email`, `re_remark`, `re_typeid`, `re_paperid`, `re_num`) VALUES
(13, '小明', '小明', '202cb962ac59075b964b07152d234b70', '男', '1012564', '12222', 1515151115, '2011-01-22', '136261215', '6666666@163.com', '我', 9, 1, 0),
(14, '小花', '小花花', '202cb962ac59075b964b07152d234b70', '女', '102456', '', 14689536, '1995-03-06', '13862265263', '281811535@qq.com', '我是小花', 9, 2, 14),
(15, '小龙', '陈小龙', '202cb962ac59075b964b07152d234b70', '男', '1023366', '军人', 2147483647, '1989-10-13', '1322356895', '2921155@qq.com', '我是小龙', 9, 1, 0),
(16, 'miss_li', '李云云', '202cb962ac59075b964b07152d234b70', '女', '', '护士', 2147483647, '1991-02-12', '13595368115', '611213@qq.com', '我是小云', 11, 1, 4),
(17, 'mr_wu', '吴玉成', '202cb962ac59075b964b07152d234b70', '男', '135698235', '计算机', 2147483647, '1989-01-01', '13565236523', '13568522@qq.com', '我叫吴玉成', 12, 1, 6),
(18, '叫我银蛋超人', '银蛋', '202cb962ac59075b964b07152d234b70', '男', '100001', '计算机', 2147483647, '1990-01-01', '13695223655', '611121@qq.com', '', 12, 1, 1);

-- --------------------------------------------------------

--
-- 表的结构 `li_readertype`
--

CREATE TABLE IF NOT EXISTS `li_readertype` (
  `rt_id` int(11) NOT NULL AUTO_INCREMENT,
  `rt_name` varchar(16) NOT NULL COMMENT '读者类型名称',
  `rt_number` tinyint(15) NOT NULL COMMENT '能借阅数量',
  `rt_time` timestamp NOT NULL DEFAULT '0000-00-00 00:00:00' ON UPDATE CURRENT_TIMESTAMP,
  PRIMARY KEY (`rt_id`)
) ENGINE=InnoDB  DEFAULT CHARSET=utf8 AUTO_INCREMENT=14 ;

--
-- 转存表中的数据 `li_readertype`
--

INSERT INTO `li_readertype` (`rt_id`, `rt_name`, `rt_number`, `rt_time`) VALUES
(9, '学生', 50, '0000-00-00 00:00:00'),
(10, '儿童', 10, '0000-00-00 00:00:00'),
(11, '公务员', 50, '0000-00-00 00:00:00'),
(12, '上班族', 20, '0000-00-00 00:00:00'),
(13, '白领', 20, '0000-00-00 00:00:00');

-- --------------------------------------------------------

--
-- 表的结构 `li_survey`
--

CREATE TABLE IF NOT EXISTS `li_survey` (
  `vo_id` int(11) NOT NULL AUTO_INCREMENT,
  `vo_name` varchar(255) NOT NULL COMMENT '主题',
  `vo_table` varchar(32) NOT NULL COMMENT '选项',
  `vo_ticket` int(16) DEFAULT NULL COMMENT '票数',
  `vo_type` enum('单选','多选') NOT NULL COMMENT '类型',
  `vo_new` tinyint(10) DEFAULT NULL COMMENT '最新',
  `vo_time` timestamp NOT NULL DEFAULT '0000-00-00 00:00:00' ON UPDATE CURRENT_TIMESTAMP COMMENT '添加时间',
  PRIMARY KEY (`vo_id`)
) ENGINE=InnoDB DEFAULT CHARSET=utf8 AUTO_INCREMENT=1 ;

/*!40101 SET CHARACTER_SET_CLIENT=@OLD_CHARACTER_SET_CLIENT */;
/*!40101 SET CHARACTER_SET_RESULTS=@OLD_CHARACTER_SET_RESULTS */;
/*!40101 SET COLLATION_CONNECTION=@OLD_COLLATION_CONNECTION */;
